id,name,nationality,email,dept_id,advisor_id
1,Sarah Henderson,Norway,michaelbaker@example.org,3,4
2,Pamela Jones,Afghanistan,mreed@example.com,3,8
3,Amanda Salas,Thailand,xpeters@example.net,2,8
4,Nicholas Watson,Sierra Leone,stacie33@example.net,3,3
5,Veronica Martinez,,mariamiller@example.org,3,6
6,Randy Bryant,Bosnia and Herzegovina,jacob07@example.com,5,6
7,Jennifer Rios,Malawi,,3,2
8,Sheri Moore,Rwanda,jmoore@example.net,4,1
9,Anthony Murray,Italy,heather07@example.org,1,7
10,Rose Hamilton,,jeffrey81@example.net,2,6
11,Amanda Solomon,India,alexander55@example.com,5,8
12,Keith Cardenas,Guinea,carlsontaylor@example.org,1,7
13,Catherine Mejia,Burundi,oschultz@example.net,2,9
14,David Crawford,,wjohnson@example.org,3,7
15,Kirsten Sweeney,South Africa,yaustin@example.net,1,7
16,Nicole Robertson,Kyrgyz Republic,morsejennifer@example.com,1,5
17,Amanda Stokes,United Arab Emirates,cole97@example.net,4,8
18,Shannon Dunn,Nepal,sherrichandler@example.com,5,2
19,Kristina Holland,Romania,bartonrobin@example.org,5,5
20,Robert Campbell,Liberia,vpotts@example.org,2,4
21,Sara Ferguson,Jordan,,4,8
22,Jennifer Short,Jamaica,davisdana@example.net,2,9
23,Julian Hernandez,Saint Vincent and the Grenadines,ashley82@example.net,4,5
24,William Williams,Qatar,valerie65@example.com,3,3
25,Steven Cohen,Somalia,keith02@example.com,3,5
26,Dr. Travis Sanchez,Moldova,bradleynelson@example.org,2,4
27,Oscar Donaldson,Saint Vincent and the Grenadines,simonallison@example.net,5,10
28,Karen Foster,Togo,emarsh@example.net,1,7
29,Jonathan Jones,Netherlands Antilles,turnercourtney@example.com,3,7
30,Ryan Baker,Angola,clairespencer@example.com,4,2
31,Edward Watson,Saudi Arabia,lopezsteven@example.net,4,6
32,Penny Williams,Togo,sandra22@example.org,3,9
33,Keith Gibson,Brazil,lhart@example.net,1,8
34,Kelsey Padilla,Falkland Islands (Malvinas),,3,5
35,John Crawford MD,Jamaica,,5,4
36,Troy Kennedy,Panama,kevincarlson@example.net,5,4
37,Christopher Peck,Germany,fjacobs@example.net,5,10
38,David Johns,Angola,nicolehumphrey@example.com,4,6
39,Susan Ramos,Uzbekistan,kdoyle@example.org,3,8
40,Megan Elliott,Ukraine,kevinknight@example.net,1,1
41,Jason Tate,Malaysia,jared32@example.com,3,7
42,Tiffany Butler,Honduras,andersonchristopher@example.com,1,7
43,Andre Gilmore,Niger,davidjeremy@example.org,1,5
44,Shannon Solomon,,kwashington@example.com,5,10
45,Dana Moore,Marshall Islands,pjohnson@example.net,4,4
46,Ashley Johnston,Malta,hamiltondonald@example.org,5,3
47,William Blake,Montserrat,latashagarcia@example.net,2,4
48,Heather Ward,Cocos (Keeling) Islands,jmata@example.com,3,10
49,Arthur Fletcher,Russian Federation,jamiehutchinson@example.com,5,7
50,Devin Casey,Chile,alexis36@example.net,2,1
51,Kristen Miles,Hungary,daydaniel@example.com,5,1
52,John Garcia,Zimbabwe,fshields@example.com,1,7
53,Anthony Smith,Bosnia and Herzegovina,nicholsongabriel@example.net,4,9
54,Charles Todd,Macao,,2,5
55,Rachel Becker,,salazaralisha@example.com,1,3
56,Gary Fleming,Burundi,rburgess@example.com,5,10
57,Mr. Caleb Coleman MD,Myanmar,stephanie65@example.com,5,5
58,Jessica Adkins,Nigeria,ejones@example.net,3,1
59,Savannah Morgan,Turkey,jfleming@example.net,5,1
60,Courtney Figueroa,,owensmario@example.net,5,5
61,Michael Powers,Panama,friggs@example.net,3,5
62,Nicholas Howard,Cape Verde,josephhoward@example.org,5,9
63,Donald Jones,Solomon Islands,loveanne@example.org,2,5
64,Nicholas Roberts,Guyana,jeffery79@example.org,1,3
65,Laura Herrera,Antarctica (the territory South of 60 deg S),halljoshua@example.com,4,10
66,Tina Zuniga,Saint Helena,snyderbrandon@example.com,5,3
67,Jennifer Mullins,Seychelles,gonzalescaroline@example.com,5,1
68,Christopher Coleman,Croatia,theresa65@example.net,1,10
69,Troy Miller,Rwanda,danielle83@example.org,2,4
70,Timothy Powell,Isle of Man,zraymond@example.com,2,7
71,Adam Orr DDS,Guernsey,crystalsmith@example.net,2,3
72,Cory Moses,Bouvet Island (Bouvetoya),bryanbaker@example.org,4,6
73,Anthony Gutierrez,Christmas Island,angela81@example.com,5,9
74,Steven Johnston,Kazakhstan,elizabeth22@example.net,1,4
75,Kelly Davis,Guam,,2,6
76,Daniel Morris,,rellis@example.net,1,8
77,Eric Collier,Spain,pauladams@example.net,5,6
78,Jason Best,,,4,9
79,Jonathan Johnson,French Southern Territories,ashley72@example.net,5,2
80,Erica Baker,Yemen,drivera@example.net,3,8
81,Robin Jackson,Western Sahara,jasoncardenas@example.net,3,6
82,Ruth Miller,Mali,jerry08@example.net,2,2
83,Jenna Williamson,Tonga,john39@example.org,4,7
84,Richard Brewer,United Arab Emirates,,2,2
85,Renee Larson,Iran,patrickwatson@example.org,5,7
86,Kim Rogers,Australia,georgekim@example.net,1,2
87,Suzanne Reid,Guinea,carolynferguson@example.net,2,8
88,Kevin Brock,Liechtenstein,michaelclarke@example.org,1,7
89,Tracy Hernandez,Saint Martin,jessica24@example.com,3,1
90,Jason Delgado,El Salvador,regina14@example.com,4,8
91,Ryan Moran,Norfolk Island,christinamoore@example.net,1,10
92,Jennifer Hughes,Malawi,gutierrezgary@example.com,5,5
93,Teresa Yoder,Chile,uwhite@example.org,2,4
94,Elizabeth Buchanan,Montenegro,joshua69@example.com,5,6
95,Veronica Webster,Afghanistan,thomas07@example.org,5,10
96,Adam Moore,Madagascar,rmckenzie@example.org,5,5
97,Brianna Jimenez,Namibia,marciawatson@example.com,1,9
98,Dalton Simpson,,davidstephanie@example.com,2,3
99,Tammy Hoover,France,hernandezgary@example.org,5,7
100,Virginia Weeks,,jennifer37@example.org,3,9
101,Elizabeth Howell,Northern Mariana Islands,gabriel82@example.net,5,4
102,Timothy Wolf,Antarctica (the territory South of 60 deg S),watsonjill@example.org,5,8
103,Lisa Reynolds,Czech Republic,jason84@example.net,1,2
104,Karen Klein,Myanmar,khart@example.org,3,5
105,Kelly Richardson,New Caledonia,,5,5
106,Jeffery Schroeder,Vanuatu,lauravilla@example.com,4,2
107,Jasmine Holt,Belize,bassmary@example.com,2,7
108,Theresa Lowe,Guinea,lisarodriguez@example.com,2,2
109,Howard Smith,Afghanistan,anita50@example.org,4,9
110,Gabrielle Holland,Kuwait,jonesmichael@example.com,1,9
111,Daniel Sherman,Sri Lanka,whitedebra@example.com,5,3
112,Matthew Beck,,chelseaoconnor@example.net,2,4
113,Kyle Morgan,Spain,garyclark@example.com,5,6
114,Chad Romero,Italy,ybrown@example.net,5,10
115,Joseph Osborne,Burkina Faso,jose66@example.net,1,5
116,Jennifer Hansen,Puerto Rico,galvanchristopher@example.com,2,9
117,Kristen Davis,,,3,2
118,Jennifer Roberts,Canada,szimmerman@example.com,4,1
119,Christopher Carpenter,Switzerland,tiffany03@example.net,4,1
120,Jason Obrien,Georgia,cgarcia@example.net,3,6
121,Charles Salas,Lithuania,waustin@example.org,2,6
122,Brooke Collins,Bermuda,cmiller@example.com,3,2
123,Tanya White,,amanda13@example.net,4,2
124,Devin Cox,Iceland,bstevens@example.net,2,4
125,Albert Castro,Peru,gregory68@example.com,5,3
126,Debbie Jackson,,sweeneymichelle@example.org,3,7
127,Gwendolyn Carroll,,paynehaley@example.org,3,5
128,Danielle Brooks,Haiti,cassidy77@example.net,2,4
129,Andrea Lee,Brazil,,4,2
130,Jessica Mclean,South Georgia and the South Sandwich Islands,vramirez@example.com,4,9
131,Deborah Brown,,wagnerstephanie@example.net,2,1
132,Patricia Walters,,droberts@example.net,5,6
133,Mary Jensen,Pitcairn Islands,halelisa@example.org,4,9
134,Heidi Johnson,Honduras,,2,3
135,Kelly Love,,williamshaw@example.com,1,1
136,Shannon Woods,Gabon,hamptonbelinda@example.com,4,10
137,Steven Gutierrez,Jersey,jeremybell@example.com,3,3
138,Ross George,Macao,cdurham@example.net,1,2
139,Jacqueline Williamson,,tholloway@example.net,3,9
140,Dennis Thompson,Saint Martin,vazquezrobert@example.net,3,7
141,Patrick Watkins,Hungary,hernandezanthony@example.org,2,5
142,Joshua Jimenez,Denmark,jperkins@example.com,5,5
143,Allison Payne,Ecuador,michael11@example.org,4,7
144,Lucas Snyder,Belize,peckchristopher@example.com,1,4
145,Timothy Fitzgerald,Armenia,gonzaleswilliam@example.com,2,7
146,Christian Brown,Western Sahara,jacksonjacob@example.org,1,8
147,Adrian Sullivan,Guyana,tcollier@example.com,5,2
148,Matthew Anderson,South Georgia and the South Sandwich Islands,ugibson@example.com,4,1
149,Johnny Shaw,Liberia,amiller@example.org,1,10
150,Linda Russell,,vmccann@example.net,4,5
151,Sherry Cisneros,Jersey,fbenson@example.net,2,7
152,Richard Roberts,Marshall Islands,aromero@example.org,2,9
153,April Fox,Mauritania,david88@example.com,4,2
154,Stephanie Evans,Guatemala,michaelperez@example.org,2,4
155,Crystal Grimes,United States Minor Outlying Islands,miguel73@example.com,1,6
156,Meagan Williams,Mexico,uhorn@example.net,2,9
157,Phillip Clark,China,jennifermccarty@example.com,2,6
158,Ricardo Raymond,Portugal,williamyork@example.net,4,9
159,Jacob Castro,Timor-Leste,barrettjames@example.com,2,5
160,Timothy Peterson,Brazil,millerroger@example.org,4,1
161,Brandon Cook,Gibraltar,,3,9
162,Mr. Jeffrey Bolton,Congo,robertguzman@example.net,3,6
163,Haley Wright,,mtaylor@example.com,2,9
164,Donald Gonzalez,Myanmar,whitekristin@example.net,2,4
165,Lisa Moore,French Guiana,bpreston@example.com,3,2
166,Steven Clayton,Belize,fbanks@example.org,3,2
167,Stephanie Moore,,rodriguezkevin@example.org,5,7
168,Alyssa Green,Trinidad and Tobago,cmartin@example.org,4,2
169,Daniel Jones,Palau,wruiz@example.org,4,3
170,Carl Woodward,Saint Martin,mcbridederek@example.org,4,5
171,Julie Young,Belgium,smithaaron@example.net,5,9
172,Nancy Jones,Haiti,churchjessica@example.com,4,2
173,Tanya Adkins,Andorra,clarkjennifer@example.com,4,5
174,Catherine Saunders,Liechtenstein,piercematthew@example.com,3,7
175,Lauren Carter,Jersey,fking@example.net,3,7
176,Laura Daniels,Congo,ihuynh@example.net,4,7
177,Mr. Cameron Williams,Mayotte,mmiranda@example.org,2,6
178,Angela Trevino,Bosnia and Herzegovina,fsmith@example.org,2,2
179,John Vincent,Puerto Rico,jdennis@example.net,5,1
180,Matthew Lee,Paraguay,alexander99@example.net,5,6
181,Daniel Donovan,Mexico,,5,2
182,Brandon Smith,Russian Federation,gpineda@example.com,1,3
183,Adrian Mcintosh,Togo,mitchellmario@example.org,3,1
184,Matthew Meadows,Guinea-Bissau,john87@example.org,2,2
185,Jeanette Wilson,Bulgaria,zachary39@example.org,1,10
186,Sara Sullivan,Saint Vincent and the Grenadines,ugonzales@example.org,3,1
187,Steven Carr,Norfolk Island,matthew85@example.net,5,9
188,Christine King,Mozambique,pmoore@example.net,2,4
189,Cristian Esparza,,,2,8
190,Steven Baker,Dominican Republic,jeffrey87@example.org,4,2
191,Joshua Johnson,Algeria,stephenserin@example.com,3,5
192,Leslie Campbell,Albania,fmiller@example.com,4,4
193,Natalie Morgan,,,2,1
194,Brian Murphy,Syrian Arab Republic,hermanmatthew@example.net,5,10
195,Nichole Mccarty,,sarahparks@example.org,2,1
196,Kevin Perry,Slovakia (Slovak Republic),jenniferdavis@example.com,1,3
197,Jacqueline Richmond,Zambia,vicki28@example.com,5,7
198,Anthony White,Japan,daniel13@example.org,3,3
199,David Elliott,Iceland,oramirez@example.com,1,3
200,Denise Graham,Netherlands Antilles,snowrichard@example.org,1,5
201,Amy Middleton,Kiribati,steven58@example.org,5,5
202,Jessica Berry,Reunion,scottcallahan@example.org,3,9
203,Scott Schaefer,South Africa,robert15@example.net,1,4
204,Nicole Adams,Hungary,mmartinez@example.com,2,7
205,Latoya Smith,Congo,ronaldhill@example.org,4,6
206,Kayla Glover,Gibraltar,erinruiz@example.com,2,4
207,John Collins,British Virgin Islands,kreynolds@example.org,1,4
208,Joseph Herman,,,3,1
209,Sarah Williams,Mauritius,briannatucker@example.com,3,6
210,Natalie Jones,,erobinson@example.com,4,9
211,Taylor Gonzalez,Western Sahara,burtoncody@example.org,3,6
212,Tommy Ruiz,Somalia,sanchezjeremy@example.com,1,2
213,Amanda Nelson,Micronesia,,2,2
214,Anthony Reynolds,Tuvalu,chelsea01@example.com,2,6
215,Andrew Gomez,Paraguay,jrodriguez@example.org,2,8
216,Mary Johnson,Mexico,wgonzalez@example.net,1,9
217,Bonnie Luna,Montenegro,bridgesdonna@example.net,2,10
218,Mark Keller,,kennethhoover@example.com,5,10
219,Arthur Hicks,Barbados,contrerascheryl@example.com,4,4
220,Joseph Wagner,San Marino,sarahowens@example.com,3,6
221,Jason Flynn,Ukraine,fperry@example.com,4,8
222,Shaun Williams MD,Czech Republic,robertjackson@example.net,3,6
223,Amy Lane,Australia,christopher03@example.com,3,10
224,Anthony Warner,South Africa,athompson@example.com,3,8
225,Carrie Murphy,Samoa,kyle51@example.com,4,6
226,Henry Miller,Malaysia,brandon61@example.com,2,6
227,Henry Collins,Moldova,elizabeth61@example.com,2,5
228,Dylan Brown,Spain,trevorowen@example.com,2,4
229,Darin Brown,Barbados,danielstephens@example.net,3,6
230,Mark Mclaughlin,Azerbaijan,davisbradley@example.com,4,10
231,Natalie Bishop,Swaziland,jeremyjacobson@example.org,2,7
232,Jason Davis,Mozambique,krystal93@example.net,4,3
233,Nicholas Powell,Andorra,davidalvarado@example.net,1,7
234,Michelle Carroll,Christmas Island,qsimmons@example.net,5,8
235,Harold Hughes,Guatemala,carreric@example.org,4,9
236,Brandon Taylor,French Southern Territories,tyler31@example.org,3,6
237,Deborah Meyer,Mexico,brianquinn@example.com,1,5
238,Mitchell Parks,,murphychristina@example.org,1,10
239,Carol Williams,Comoros,colonpatrick@example.net,1,6
240,Jacqueline Lozano,Antarctica (the territory South of 60 deg S),udunn@example.com,4,1
241,Jessica Schultz,Albania,brian00@example.org,2,3
242,Christopher Wright,Venezuela,vthompson@example.com,4,9
243,Tiffany Brooks,Liechtenstein,cantumatthew@example.com,5,5
244,Alex Bean,Finland,allenstephanie@example.org,3,3
245,Kathryn Ray,Northern Mariana Islands,colleen27@example.com,5,3
246,David Goodwin,Djibouti,khannicholas@example.com,4,7
247,Jonathan Martinez,Guadeloupe,qhernandez@example.net,3,7
248,John Carr,Guinea,davidward@example.org,2,9
249,Jacqueline Camacho,Sweden,,4,4
250,Aaron Brown,South Georgia and the South Sandwich Islands,jose55@example.net,2,4
251,Lonnie Ramirez,Israel,sanchezdenise@example.net,4,7
252,Tracy Cisneros,Saint Vincent and the Grenadines,danielle62@example.org,1,6
253,Richard Alvarado,Saint Lucia,ffrederick@example.net,5,8
254,Katie Stephenson,Benin,mmorton@example.org,4,3
255,Chad Phillips,,philip45@example.net,1,6
256,Michael Contreras,Iceland,zholland@example.com,1,5
257,Michael Hernandez,Marshall Islands,toddchad@example.com,5,2
258,Joseph Chang,Nauru,mcooper@example.org,4,9
259,Mark Wilcox,Iceland,,1,10
260,Ryan Hester,,williamsonricardo@example.net,2,2
261,Rachel Lowe,United States Virgin Islands,megan18@example.com,1,5
262,Peter Marquez,Kazakhstan,lschmidt@example.org,2,6
263,John Anderson,Ireland,prattbrett@example.org,2,3
264,Melanie Miller,Namibia,,5,3
265,Jason Davis,Tanzania,mray@example.net,3,7
266,Brandon Johnson,Timor-Leste,,2,8
267,Elizabeth Sosa,Congo,valeriesoto@example.net,5,3
268,Gabriel Jacobs,Singapore,michael46@example.net,5,5
269,Manuel Ferguson,Fiji,jared28@example.com,5,1
270,Amanda Wyatt,Uruguay,kristyjackson@example.net,3,5
271,Lisa Rodriguez,Reunion,karenchen@example.net,5,6
272,Edgar Cline,Gambia,jonathan67@example.net,1,1
273,Maria Martinez,Malawi,karen32@example.com,4,3
274,Kim Rollins,,randall13@example.org,1,7
275,John Austin,,richjulie@example.org,4,4
276,Andrea Mathis,Oman,,1,7
277,Craig Vincent,Norfolk Island,aaron46@example.com,3,6
278,Richard Lopez,Chile,maxwell01@example.net,4,2
279,Lisa Goodman,Dominica,hwright@example.net,4,4
280,Chris Meyer,Turkmenistan,ryan94@example.org,4,2
281,Anthony Harris,Bermuda,,3,10
282,Amber Graham,Tanzania,wilsontyler@example.org,3,4
283,Adam Thomas,Mexico,gferguson@example.net,1,2
284,Michael Fletcher,,zcarter@example.com,1,7
285,Jesse Price,Myanmar,robertthompson@example.com,1,7
286,Kelly Williams,Andorra,desireeduran@example.net,2,4
287,Megan Robinson,Japan,vargaskristen@example.org,3,1
288,April Jones,Barbados,fsmith@example.org,4,8
289,Shawn Henry,South Georgia and the South Sandwich Islands,wangnatalie@example.net,4,2
290,Michael Anderson,Bulgaria,,1,3
291,John Medina,Guernsey,terrigonzalez@example.org,2,7
292,Heidi Hernandez,United States Virgin Islands,briangonzalez@example.com,2,4
293,Brandon Ramos,,,4,6
294,Cynthia Dawson,Jordan,dgibson@example.org,5,1
295,Robert Kirk,Tunisia,hollyrodriguez@example.com,2,3
296,Andrew Finley,Heard Island and McDonald Islands,aaron04@example.org,1,3
297,William Davis,Palestinian Territory,matthewhall@example.org,5,3
298,Christopher Farley,Sweden,garciacatherine@example.org,4,5
299,Carolyn Mcclure DVM,Ghana,walkerdonna@example.org,2,4
300,Anne Williams,Isle of Man,bradleywendy@example.net,4,5
301,Michael Walters,Falkland Islands (Malvinas),yjimenez@example.org,3,3
302,Timothy Edwards,Malta,garciajames@example.net,2,9
303,Mallory Snyder,Uruguay,,5,10
304,Eric Wilson DDS,United Kingdom,porterrobert@example.com,3,5
305,Stacy Turner MD,Timor-Leste,chad97@example.com,4,10
306,Krystal Hale,El Salvador,nathantucker@example.com,4,7
307,Linda Smith,Faroe Islands,thomas39@example.com,2,10
308,Ian Mendez,Slovakia (Slovak Republic),brittney86@example.com,5,4
309,Steven Melton,Kenya,hoganangela@example.net,2,8
310,Victoria Valentine,,vincentlopez@example.com,4,5
311,Michael Silva,,jenniferevans@example.net,5,10
312,Sandra Hart,Sao Tome and Principe,vroberts@example.net,5,6
313,Jeffrey Smith,Micronesia,hayleythompson@example.net,1,9
314,Robert Smith,Spain,maldonadoterri@example.net,2,8
315,Lisa Williams,Belgium,,3,5
316,Thomas Valenzuela,Botswana,xhoover@example.com,1,6
317,Jared Townsend,United States of America,williambradley@example.org,5,4
318,Eric Medina,Slovakia (Slovak Republic),lbutler@example.org,4,7
319,Rose Roberts,Indonesia,elizabethbautista@example.net,3,5
320,Daniel Cruz,Uruguay,fcrane@example.org,4,4
321,Melissa Nguyen,Wallis and Futuna,jeffreywalton@example.org,4,9
322,Monique Ferrell,Congo,jasonjohnson@example.net,4,6
323,David Crawford,Guernsey,scott56@example.org,1,4
324,Marc Campbell,,steinmelanie@example.net,4,9
325,David Hall,Guatemala,nbaker@example.com,3,6
326,Hailey Johnson,Cote d'Ivoire,brandon69@example.org,4,10
327,Donna Simmons,Palau,raven92@example.com,3,8
328,Denise Walker,Jamaica,hicksrobin@example.org,1,6
329,Shelly Ward,Seychelles,dhuffman@example.net,4,7
330,Kimberly Burgess,Syrian Arab Republic,reedamber@example.org,2,10
331,Jason Kelley,,,1,7
332,Lauren Garcia,Monaco,vasqueztimothy@example.net,5,1
333,Christopher Aguilar,Netherlands,jamescooper@example.net,3,7
334,Robert Jones,,walkeranna@example.net,4,7
335,Kyle Lee,South Georgia and the South Sandwich Islands,antonioayala@example.org,1,8
336,Sarah Armstrong,Nigeria,brookediaz@example.net,3,7
337,Benjamin Jackson,,dylansingh@example.com,1,1
338,Kim Cook,Hungary,david09@example.org,2,3
339,Crystal Nguyen,Guam,lopezjessica@example.net,4,6
340,Emily Washington,Nigeria,jameshardy@example.org,2,9
341,Patricia Kemp,United States Minor Outlying Islands,erose@example.com,3,7
342,Jo Stephens,China,,5,6
343,Michael Garcia Jr.,Pakistan,hughespamela@example.net,3,4
344,Robert Keith,Georgia,dwilson@example.com,2,10
345,Michael Pugh,Kazakhstan,drobinson@example.org,2,3
346,April Turner,,alexanderodom@example.org,1,5
347,Charles Mitchell,Cayman Islands,kimberlyjacobs@example.org,2,10
348,Tamara Stevenson,Bolivia,ilittle@example.org,1,2
349,Anna Bell,Fiji,benjamingreen@example.org,3,5
350,Krista Moore,Guernsey,youngjennifer@example.net,4,9
351,David Wilcox,Fiji,ortegajames@example.net,2,4
352,Nathaniel Castro,Uruguay,bmaxwell@example.org,4,9
353,Katie Ashley,Comoros,scooper@example.net,1,1
354,Mrs. Cassandra Weiss,United States Virgin Islands,kfernandez@example.com,3,8
355,Shannon Callahan,New Zealand,aliciagarcia@example.net,1,7
356,Scott Perry,Philippines,,5,4
357,Daniel Roy,Swaziland,nicholasgraham@example.com,1,6
358,Sandra Perez DVM,Ethiopia,brooksjasmine@example.net,2,4
359,Sandra Fox,Saint Lucia,ballmichael@example.com,2,3
360,Jeffery Simmons,Cocos (Keeling) Islands,lcervantes@example.com,2,6
361,Kathryn Gibson,Benin,caitlinsilva@example.com,5,3
362,Brian Jackson,Tunisia,tjohnson@example.com,2,4
363,Rebecca Jenkins,Ethiopia,kimdouglas@example.com,4,7
364,Samantha Thomas,Colombia,manuelpowell@example.net,1,8
365,Johnathan Dixon,Central African Republic,barbaramacias@example.com,3,10
366,Kristie Turner,Brunei Darussalam,latoyamorrison@example.net,5,8
367,Jeremy Scott,Iceland,howellcolin@example.com,1,7
368,Calvin Nelson,Croatia,rebecca34@example.com,1,1
369,Kendra Thompson,,ethan32@example.net,3,3
370,Monica Parrish,Turks and Caicos Islands,charmon@example.net,5,9
371,Christopher Solis,South Georgia and the South Sandwich Islands,joshua94@example.com,1,4
372,Brian Mills,Guinea,mariobarber@example.org,3,3
373,Jennifer Howell MD,India,larry99@example.com,3,10
374,Tammy Henderson,Panama,collinscarol@example.net,4,10
375,William Alvarez,Indonesia,sandovalkristina@example.net,1,4
376,Brandon Mayer,Korea,jonathan78@example.org,1,9
377,Robert Santana,New Caledonia,rjames@example.org,5,10
378,Heather Garcia,Tuvalu,jason40@example.net,3,2
379,Margaret Graham,Somalia,fhughes@example.com,3,10
380,Leah Acosta,Monaco,uortiz@example.com,4,5
381,Angela Cook,Libyan Arab Jamahiriya,elliottjason@example.net,5,2
382,Michael Davidson,Dominica,palmerjonathan@example.com,1,5
383,Emma Bailey,,,1,6
384,Brett Dean,Iran,lijulia@example.com,1,10
385,Jordan Henderson,Australia,marybrown@example.net,3,2
386,Thomas Baker,San Marino,,3,10
387,Mary Perez,Chile,clarkmichael@example.com,5,7
388,Stephen Li,Maldives,mary41@example.org,4,6
389,Kevin Porter,Niue,kimberlysmith@example.net,2,6
390,Terri Solis,Isle of Man,christinebenitez@example.com,5,9
391,Kyle Thomas,Cook Islands,adamscassandra@example.com,2,2
392,Gerald Parks,Falkland Islands (Malvinas),rileyvictoria@example.org,1,2
393,Chad Wilson,Oman,ariasstephanie@example.net,5,2
394,Michael Fisher,Congo,alexisconner@example.org,5,7
395,Michael Porter,Marshall Islands,lori89@example.com,2,6
396,Christopher Jensen,,,2,2
397,Richard Sullivan,Bulgaria,butlerrobert@example.com,1,5
398,Robert Johnson,,nguyenkathleen@example.org,3,3
399,Kevin Cline,Thailand,ygonzalez@example.com,2,4
400,Paul Clements,Algeria,grace07@example.net,1,3
401,Donald Moody,,thomashicks@example.com,2,3
402,Tiffany Roberts,Botswana,vanessabenson@example.com,3,9
403,Sharon Hartman,,maria86@example.com,2,5
404,Terri Bradford,,grahamjenny@example.net,1,9
405,Christine Nguyen,Iraq,,4,2
406,Chad Burnett,Cook Islands,barrettelizabeth@example.com,1,3
407,Daniel Harris,,jamesdevin@example.org,3,7
408,James Wright,British Indian Ocean Territory (Chagos Archipelago),ebony77@example.net,2,4
409,Bradley Cook,Germany,stevensjoseph@example.net,1,10
410,Jean Lewis,Tokelau,sharonzimmerman@example.org,1,4
411,Michael White,Zambia,tjohnson@example.com,1,10
412,Joseph Taylor,United Kingdom,crystalhill@example.net,1,8
413,Stanley Ball,Greenland,,2,5
414,Jessica Marsh,Algeria,fgonzalez@example.net,3,2
415,Carrie Thomas,Belarus,belinda78@example.com,1,9
416,Danielle Shields,Iran,dlove@example.net,1,8
417,Eric Ramirez,Saint Pierre and Miquelon,jeanettegomez@example.org,3,7
418,Edward Coleman,Afghanistan,sandythompson@example.net,4,1
419,Kimberly Lee,Dominican Republic,qclark@example.net,1,7
420,Jill Weber,Cayman Islands,matthew22@example.org,2,4
421,Michele Hill DDS,Bahrain,kcastro@example.com,2,2
422,Suzanne Mitchell,Argentina,karen04@example.net,5,3
423,Michael Jones,Chad,harrisjacob@example.com,1,3
424,Elizabeth Choi,United Arab Emirates,agarcia@example.com,4,1
425,Kristy Rodriguez,Benin,jonavila@example.com,5,5
426,Thomas Thompson,Bosnia and Herzegovina,petersonmichael@example.com,1,7
427,Katie Herrera,Burundi,chamberslisa@example.org,4,4
428,Michael Bates,Zimbabwe,brenda96@example.com,1,10
429,Diane Olson,Anguilla,cody78@example.org,1,3
430,Dennis Ortiz,Saint Vincent and the Grenadines,ojones@example.net,5,2
431,Tyler Vaughn,Malta,rileyashley@example.org,3,1
432,Leslie Anderson,Papua New Guinea,mcmillankathleen@example.org,2,3
433,Mark Gutierrez,Sao Tome and Principe,jamesjoseph@example.net,5,8
434,Mike Ritter,Pitcairn Islands,rhenderson@example.net,1,9
435,Heather Turner,Panama,jessica50@example.com,5,3
436,Jennifer Newton,Christmas Island,cheryl76@example.com,5,7
437,Joann Martinez,Djibouti,trevorhamilton@example.net,5,2
438,Christopher Joseph,Taiwan,djordan@example.net,1,6
439,April Johnson,Dominican Republic,jpace@example.org,5,9
440,Gina Marquez,Mongolia,,2,7
441,Andrea Nelson,Mongolia,tracyjohnson@example.com,5,9
442,Kimberly Guerrero,,williamdowns@example.org,1,4
443,Edward Jackson,Cook Islands,jamie77@example.com,5,7
444,David Taylor,Oman,ryanchurch@example.com,5,9
445,Robin Travis,Israel,zrodriguez@example.com,2,7
446,Sarah Smith,Trinidad and Tobago,tbrown@example.com,2,6
447,Katherine Moore,Rwanda,eric79@example.com,4,10
448,Patrick Marshall,Bosnia and Herzegovina,,5,6
449,Tammy Barton,Timor-Leste,samanthahale@example.org,3,6
450,Tara Stanton,Australia,davidpowell@example.com,5,3
451,Evelyn Schneider,Moldova,hansonyolanda@example.com,5,8
452,Courtney Brown,Martinique,john18@example.org,5,1
453,Robert Rogers,Saint Lucia,james71@example.org,5,7
454,Brian Lara,Belize,fernandezmichael@example.org,2,1
455,Alan Colon,Cook Islands,melindasmith@example.net,4,3
456,Tina James,Brazil,barbara76@example.net,1,3
457,Juan Leon,Bangladesh,panderson@example.net,3,9
458,Randy Bryant,Equatorial Guinea,leslie64@example.org,5,3
459,Paul Warren,French Guiana,elizabeth73@example.net,2,1
460,April Graves,,,4,3
461,David Salazar,Papua New Guinea,,1,2
462,Marie Roberts,Iceland,whitesteven@example.org,3,1
463,Tyler Shepard,Senegal,,3,8
464,Jose Santana,Sao Tome and Principe,melissa16@example.net,2,8
465,Alexandria Myers,Samoa,halltamara@example.com,5,4
466,Renee Peterson,Guinea-Bissau,rachel53@example.net,5,3
467,Terry Riddle,Norway,pchandler@example.net,5,3
468,Wanda Warren,Jersey,onealtiffany@example.com,1,5
469,Jessica Cunningham,Montenegro,michael37@example.net,3,9
470,Thomas Powell,Serbia,timothy90@example.org,3,1
471,Alex Tran,Saint Helena,johndennis@example.org,1,10
472,Shane Lowe,Oman,fmaxwell@example.com,1,3
473,Kimberly Young,,allisonanderson@example.com,1,3
474,Carlos Johnson,Iran,rhondarowe@example.org,3,8
475,Tammy Romero,Uganda,lanelogan@example.org,1,2
476,Dean Smith,Mexico,lmoon@example.com,2,1
477,Lynn Conley,Antigua and Barbuda,adavis@example.com,3,4
478,Mrs. Melissa Olsen,,coxrachel@example.net,3,10
479,Douglas Hernandez,Saint Lucia,,4,9
480,Xavier Gregory,Bahamas,james20@example.org,4,9
481,James Haynes,Bhutan,veronicaflynn@example.org,2,3
482,Andrew Good,Monaco,barryhall@example.net,2,5
483,Stacey Ross,Burkina Faso,reedchase@example.net,4,6
484,Gabriella Schmidt,Zimbabwe,cindy47@example.org,4,2
485,Scott Patterson,Mozambique,,5,8
486,Julia Ortiz,Saint Lucia,christina00@example.com,5,5
487,Matthew Cunningham,Czech Republic,alexisbrown@example.com,3,7
488,Tammy Keller,French Polynesia,saramurray@example.net,3,8
489,Dana Brewer,Israel,mallory35@example.org,3,9
490,Edward Coleman,Slovenia,richardjoseph@example.net,2,5
491,Jose Hamilton,Kuwait,kellychristopher@example.com,5,10
492,Gregory Nichols,Netherlands,andrewsjennifer@example.org,1,10
493,Margaret Brown,Isle of Man,mcleanheather@example.org,4,5
494,Alexandra Lowery,Tuvalu,melissabaker@example.org,1,7
495,Matthew Ross,,gomezstephanie@example.net,2,8
496,Charles Garza,Tanzania,jacobmartinez@example.org,3,9
497,Anne Kirk,Uzbekistan,,3,3
498,Kathy Benitez,Equatorial Guinea,elizabeth17@example.org,1,7
499,Sharon Blair,Venezuela,xmiller@example.org,2,6
500,Jacob Ruiz,United States Virgin Islands,newmanjoe@example.org,1,1
501,Richard Walker,Chile,melissawilliams@example.com,1,8
502,Ernest Robinson,El Salvador,scott25@example.net,1,5
503,Christina Wood,Greece,andrea78@example.com,2,8
504,Monica Jarvis,Tuvalu,waltonamy@example.net,4,1
505,Eric Taylor,Indonesia,jasmine74@example.net,1,10
506,Janet Hill,Norway,abender@example.net,3,7
507,Wendy Castaneda,,,2,7
508,Peter Martin,,emily85@example.net,3,3
509,Christina Andrade,Tanzania,robinmorrow@example.org,5,3
510,Alexis Perez,Swaziland,josephweber@example.com,2,2
511,Stacy Summers,Bhutan,briancampbell@example.org,1,6
512,Christopher Wright,Central African Republic,,4,6
513,Shawna Taylor,,vjordan@example.org,3,1
514,Victoria Miller,Kazakhstan,coloneric@example.com,2,6
515,Troy Vargas,Egypt,billy25@example.org,1,4
516,Alyssa Reed,Panama,roberthart@example.net,3,5
517,Donna Whitaker,Mongolia,shannon46@example.com,5,1
518,Louis Novak,Argentina,bakersandra@example.org,1,6
519,Christine Cook,Venezuela,,2,7
520,Sherry Torres,Switzerland,cgonzalez@example.org,1,8
521,Jennifer Williamson,Pakistan,meganmartin@example.net,4,8
522,Anthony Bailey,Micronesia,melissarichards@example.com,3,10
523,Matthew Brock,Ethiopia,guzmandenise@example.net,3,6
524,Geoffrey Jones,Tunisia,gregorygarcia@example.org,2,2
525,Bruce Flores,Honduras,rhonda63@example.com,3,2
526,Tonya Bennett,,kirkmccormick@example.org,1,8
527,Jeremy Day,Suriname,hannah74@example.org,4,7
528,Mary Oconnell,Timor-Leste,pdean@example.com,3,6
529,David Spears,United Arab Emirates,tammiebrown@example.net,5,9
530,Victoria Odonnell,Niger,,1,4
531,Randy Jones,Saint Pierre and Miquelon,jfigueroa@example.org,5,6
532,Kristen Delgado,New Zealand,ramosadam@example.net,5,5
533,Debra Cooper,Bhutan,sanchezrebecca@example.net,1,7
534,Jessica Beard,,nicholasharrison@example.org,2,3
535,Destiny Collier,Burundi,tonyabrown@example.com,1,3
536,Brian Navarro,,david88@example.com,1,9
537,Amanda Lee,,elizabethjohnson@example.net,4,10
538,Daniel Ramirez,New Caledonia,sanchezjulie@example.com,1,3
539,Heather Graham,Papua New Guinea,,2,9
540,Keith Woodward,Mayotte,kaylahayes@example.net,5,10
541,Patrick Pierce,Brazil,vanessaparker@example.net,1,7
542,Joy Porter,Svalbard & Jan Mayen Islands,abennett@example.org,5,4
543,Julia Campbell,Lebanon,tammysullivan@example.com,4,2
544,Kelli Carpenter,Sri Lanka,chelsearobertson@example.net,3,9
545,Caroline Porter,Afghanistan,scott56@example.net,2,4
546,Kathy Flores,Eritrea,tconrad@example.net,1,1
547,Nicole Poole,Myanmar,,5,10
548,Andrea Walsh,Svalbard & Jan Mayen Islands,jasminevargas@example.net,5,8
549,Ann Garcia,Norway,qadams@example.org,4,2
550,Matthew Ray,Netherlands,jillwolfe@example.com,4,8
551,Brittney Osborne,Bosnia and Herzegovina,,3,3
552,Lori Hoffman,,greerkevin@example.com,3,3
553,Timothy Dorsey,Guernsey,keith11@example.com,5,3
554,Tracey Horton,British Virgin Islands,mmitchell@example.org,2,6
555,Hector Maxwell MD,Bahamas,timothy03@example.net,5,10
556,Joseph Washington,Jersey,richardgrant@example.net,5,1
557,Cynthia Anderson,Uruguay,williamsmelissa@example.org,5,1
558,Jeffrey Martinez,Jersey,jameslee@example.com,5,3
559,Gary Bowman,,jackcarter@example.org,3,8
560,James Ruiz,Svalbard & Jan Mayen Islands,,4,9
561,Tammy Arias,Peru,manuel00@example.com,4,2
562,Dana Knox,South Georgia and the South Sandwich Islands,kimberlythomas@example.org,5,6
563,Ryan Porter,,,1,3
564,Karen Wilson,Heard Island and McDonald Islands,christina84@example.org,1,2
565,Mark Gilbert,Timor-Leste,,4,6
566,Lori Wood,Maldives,terriporter@example.com,1,5
567,Nathan Merritt,,smithbrenda@example.com,5,8
568,Kendra Williams DDS,Denmark,timothyvargas@example.com,4,6
569,Brian Mills,Libyan Arab Jamahiriya,alicia20@example.net,4,10
570,Greg Larson,Micronesia,gailmartin@example.com,3,3
571,Jamie Robinson DDS,Gibraltar,jeanettemanning@example.net,5,10
572,Jennifer Mendoza,Iceland,kenneth89@example.org,3,6
573,Joshua Perez,Wallis and Futuna,sharon13@example.org,5,8
574,Courtney Johnson,Djibouti,matthew05@example.com,3,3
575,William Ray,Chile,michael10@example.org,2,7
576,Emily Kennedy,United States Virgin Islands,mwilliams@example.net,4,2
577,Kelly Martinez,Kazakhstan,francisjames@example.com,3,4
578,Ethan Tucker,Heard Island and McDonald Islands,scottdavis@example.com,5,9
579,Carolyn Sanchez,Swaziland,staceyjohnson@example.com,3,4
580,Sharon Odonnell,Azerbaijan,jeremyedwards@example.net,2,10
581,Shelly Johns,Guatemala,williamsbruce@example.org,5,3
582,Sonya Lopez,Guinea,andrew12@example.com,2,6
583,Allen Palmer,Dominica,amoore@example.net,1,3
584,Timothy Heath,,millerjohn@example.com,2,8
585,Donna Phillips,Iraq,karenbell@example.org,4,3
586,Debra Prince,Macao,hawkinsjessica@example.org,3,5
587,Meredith Lopez,Bouvet Island (Bouvetoya),xnelson@example.org,3,2
588,Laura Green,Mozambique,richbrandon@example.org,4,1
589,Robert Reed,Svalbard & Jan Mayen Islands,weaverdustin@example.net,1,3
590,Joseph Grant,Japan,brittney20@example.net,1,1
591,Calvin Rodriguez,Costa Rica,,1,8
592,John Wong,Bosnia and Herzegovina,amberbradley@example.org,4,9
593,Charles Weber,Belize,hillelizabeth@example.com,4,6
594,Timothy Hall,Ireland,john18@example.com,4,8
595,Ms. Kayla Hayes,Syrian Arab Republic,mmorales@example.com,3,8
596,Robert Ray,Burkina Faso,unelson@example.org,4,3
597,Jennifer Jones,Bahamas,robertknox@example.net,5,4
598,Holly Nelson,Myanmar,zimmermansamantha@example.net,1,5
599,Tracy Goodwin,Turks and Caicos Islands,,5,1
600,Tammy Taylor DDS,Singapore,john28@example.com,3,10
601,Michael Logan,Netherlands Antilles,duane74@example.org,4,8
602,Adam Davis,Romania,andrea34@example.org,2,3
603,Johnny Jensen,India,omorris@example.net,5,5
604,Penny Landry,Brunei Darussalam,gcampbell@example.com,2,8
605,Leah Ball,Afghanistan,sdiaz@example.net,5,6
606,Kimberly Johnson,Swaziland,xdodson@example.com,2,2
607,Timothy Hernandez,Malta,pamelaellis@example.net,5,6
608,Jennifer Moore,Syrian Arab Republic,watsonvickie@example.org,4,1
609,Jessica Rodriguez,Cayman Islands,mortonamanda@example.net,4,4
610,Megan Smith,Macao,danielleherman@example.org,5,1
611,Seth Miller,Qatar,,4,7
612,Brandon Garrett,Bulgaria,alicia69@example.net,1,6
613,Lisa Turner,Iraq,dbarnes@example.net,1,6
614,Joshua Schmidt,Poland,phillipgallagher@example.com,5,7
615,Yolanda Mcdaniel,Papua New Guinea,alec90@example.net,2,6
616,Jocelyn Gillespie,Algeria,jeffrey69@example.net,5,10
617,Tammy Smith,Korea,richardlewis@example.org,4,4
618,Jesus Harris,Sierra Leone,lopezjohn@example.com,5,7
619,Nicholas Tucker,Taiwan,tburke@example.org,2,1
620,John Pugh,Morocco,ealvarado@example.org,5,6
621,Jasmin Clark,French Guiana,,3,2
622,Melissa Oconnell,Iceland,anthony53@example.org,2,2
623,Albert Kelly,Haiti,danahernandez@example.org,2,1
624,Ashley Kirk,Taiwan,mgonzales@example.net,4,6
625,Kayla Vasquez,Sierra Leone,ricardohensley@example.net,2,5
626,Robin Hall,Bangladesh,ufields@example.org,1,8
627,Justin Moore,Burkina Faso,jporter@example.org,5,9
628,Michael Fisher,,dustinmercado@example.com,5,7
629,Dr. Amy Johnson,Albania,normarobbins@example.net,4,3
630,Patrick French,Azerbaijan,robin39@example.com,5,1
631,Laura Flynn,Lao People's Democratic Republic,yolanda90@example.org,2,1
632,Lori Kelley,,huntjoseph@example.com,2,1
633,Deborah Wood,Lebanon,jasonnelson@example.net,3,1
634,Jillian Hampton,Italy,erik42@example.org,5,2
635,Brian Silva,Bouvet Island (Bouvetoya),cohenkaitlyn@example.net,4,3
636,Jonathan Owen IV,Albania,tconley@example.com,2,5
637,James Chavez,Turkey,harriscrystal@example.com,4,3
638,Patricia Davis,Burundi,fischerandrew@example.com,5,9
639,Leslie Chavez,North Macedonia,travis49@example.org,1,4
640,Scott Gomez,Switzerland,christopher00@example.org,1,1
641,Ashley Stevens,Saint Barthelemy,timothylopez@example.org,4,9
642,Emily Villanueva,Madagascar,wutyler@example.org,1,10
643,Sierra Cummings,Senegal,greenalexandra@example.org,2,5
644,Richard Rollins,Peru,qduncan@example.org,3,8
645,Mary Richmond,Uganda,ashley78@example.org,3,5
646,Lisa Wood,Lebanon,rgardner@example.org,3,1
647,Aaron Mcclain,Guernsey,ashleyklein@example.org,3,1
648,Gina Huber,Anguilla,mallen@example.com,2,5
649,John Malone,Iceland,,2,5
650,Jennifer Bell,Samoa,qmiller@example.org,1,8
651,David Brown,Ghana,djones@example.net,4,1
652,Jesus Warren,Romania,brittany95@example.com,1,7
653,Lisa Bryant,Brunei Darussalam,zacharyscott@example.com,4,7
654,Steven Fitzgerald,Samoa,lauraalvarez@example.org,5,7
655,Timothy Elliott,Mali,gregorymitchell@example.com,5,7
656,Kristen Le,Congo,eburns@example.com,4,2
657,Angelica Ho,Korea,,1,8
658,Jacob Spence,,,2,9
659,Cynthia Jacobson,Ghana,,4,5
660,Felicia Garcia,Liberia,garciakimberly@example.com,2,3
661,Terry Cervantes,,isaiahschultz@example.com,4,7
662,Sheryl Duran,Kiribati,guerreroamanda@example.net,4,2
663,Roberto Warner,,ashley46@example.org,5,5
664,Kristin Johnson,Gambia,bhanna@example.org,4,4
665,Lisa Knight,Iraq,ichaney@example.com,4,6
666,Joseph Mullins,Saint Vincent and the Grenadines,deborah19@example.net,4,9
667,Nicole Salazar,Holy See (Vatican City State),gomezharry@example.org,3,8
668,Jacob Gomez,Jordan,burnsjoshua@example.com,1,7
669,Jennifer Pacheco,Jamaica,michaelwalker@example.org,3,8
670,Courtney Price,Palau,jenniferholden@example.net,4,9
671,David Myers,San Marino,sarah48@example.org,5,9
672,William Smith,Turks and Caicos Islands,kmoreno@example.com,5,2
673,Michael Estrada,Eritrea,mrichards@example.com,5,1
674,Laura Dunn,Poland,anitaallen@example.com,2,10
675,Anne Jones,Monaco,ifrank@example.net,2,6
676,Vanessa Rogers,Togo,christian13@example.org,1,3
677,Adam Patel,Portugal,joshuathompson@example.net,4,6
678,Brian Anderson,Northern Mariana Islands,crogers@example.org,5,3
679,Sean Cruz,French Polynesia,hornerobert@example.com,4,8
680,Christina Bryant PhD,San Marino,,5,8
681,Barry Martin,,edwinpatterson@example.org,1,7
682,Amanda Bennett,Iran,david15@example.com,2,1
683,Donald Charles,,joshua58@example.net,5,5
684,Erica Clark,Luxembourg,oscar76@example.net,3,4
685,Molly Richardson,,,1,10
686,Tonya Cruz,Palestinian Territory,oshort@example.net,2,2
687,Nicholas Herrera,Ecuador,ibryant@example.net,5,9
688,Matthew Gardner,Northern Mariana Islands,alexandra76@example.net,3,2
689,Robert Rogers,Ethiopia,stephen18@example.org,5,3
690,Roger Mullen,Estonia,jeffreystone@example.com,5,2
691,Robert Davis,,izamora@example.com,2,2
692,Clinton Anderson,,ybird@example.org,1,10
693,Jeffrey Douglas DDS,Hong Kong,dbrown@example.net,2,3
694,Jo Leonard,Dominican Republic,jason45@example.com,1,3
695,Kevin Thornton,Aruba,michaelreed@example.net,2,3
696,Latasha Olsen,Northern Mariana Islands,nielsenryan@example.net,2,9
697,Darius Baker,Belgium,mvang@example.org,3,3
698,Brian Schneider,Montserrat,laura07@example.com,3,3
699,Emily Mcfarland,Suriname,smoore@example.net,5,6
700,Lorraine Proctor,Reunion,lmclaughlin@example.net,3,5
701,Belinda Jones,Belarus,,3,6
702,David Soto,,parmstrong@example.com,3,5
703,Ashlee Wong,Netherlands,tward@example.org,3,3
704,Kyle Murphy,France,bradyderek@example.org,4,10
705,Dustin Leblanc,Tokelau,david50@example.com,3,7
706,Emma Jones,Ghana,sharris@example.org,2,2
707,Joseph Nelson,Senegal,amacias@example.net,3,10
708,Jerry Rodriguez,Cuba,qgonzalez@example.net,2,8
709,Megan Johnson,Bulgaria,haleolivia@example.net,5,6
710,Christopher Bryan,,malikchavez@example.com,5,3
711,Douglas Curtis,Greenland,jennifer02@example.net,1,9
712,Brett Mckay,Benin,vporter@example.org,4,9
713,Brittany Myers,Congo,scottdeborah@example.net,4,3
714,Richard Parker,Poland,bradleyboyd@example.com,5,10
715,Mary Underwood,Bahrain,xlogan@example.net,1,3
716,Eric Obrien,San Marino,duncanerin@example.org,5,9
717,Brittany Gomez,Barbados,stephanieholmes@example.com,2,3
718,Jason Salazar,Guatemala,jennifertorres@example.com,2,5
719,Derek Ware,Armenia,billwilkerson@example.com,5,8
720,Megan Sharp,Bosnia and Herzegovina,dakotachavez@example.com,5,3
721,Curtis Dawson,Ukraine,mperez@example.com,5,4
722,Noah Porter,Netherlands,ashleyoliver@example.net,5,3
723,Bryan Arnold,Faroe Islands,christopherhill@example.org,1,7
724,Toni Coleman,Western Sahara,hernandezandrew@example.com,5,2
725,Benjamin Little,Liechtenstein,tanyaboyle@example.org,3,3
726,Hannah Smith,Central African Republic,josephkelley@example.net,2,6
727,Stephanie Villarreal,Bermuda,cynthiagrant@example.com,2,10
728,Julie Hawkins,Niger,nicolematthews@example.net,5,9
729,Katherine Gray,Senegal,mezasusan@example.net,3,1
730,Jasmine Bowman,Ghana,owall@example.net,3,7
731,Melissa Simpson,Taiwan,craig65@example.net,4,9
732,Brian Bell,Guinea-Bissau,bpeters@example.org,1,10
733,Jennifer Lee,Hong Kong,henryweiss@example.net,5,4
734,Joseph Bennett,Mauritius,kellypaula@example.org,4,10
735,Laura Fletcher,Bhutan,ocrawford@example.org,1,10
736,Dr. Vickie Moses,Isle of Man,pblair@example.org,2,4
737,Tracy Knight,Austria,nicole90@example.net,5,6
738,James Williams,Cameroon,katrinaolson@example.com,2,7
739,Jennifer Gibson,Hungary,,4,7
740,Wayne Carrillo,Finland,tristan65@example.com,4,1
741,Susan Sullivan DDS,Monaco,christianreyes@example.org,1,7
742,Cesar Dixon,Mayotte,martinezerik@example.org,2,9
743,Brooke Daugherty,Tuvalu,udaniel@example.com,3,7
744,Steven Booth,Oman,manncynthia@example.org,4,3
745,Ashley Brooks,Greece,aalexander@example.org,1,1
746,Monica Kaufman,Honduras,deanna76@example.net,2,10
747,Amy House,Kuwait,nathanrollins@example.com,4,3
748,James Beasley,Martinique,ronald20@example.com,4,4
749,Jennifer Zimmerman,Bolivia,martinezlinda@example.net,4,6
750,Ronald Davis,Spain,adamssergio@example.org,3,5
751,Bradley Cardenas,Latvia,lharvey@example.net,2,10
752,Tamara Stewart,New Zealand,mckinneyshelley@example.com,5,8
753,Frederick Cook,Angola,kevin86@example.org,2,10
754,Sandra Morgan,Papua New Guinea,christian95@example.net,4,6
755,David Brown,Canada,bushcynthia@example.org,3,3
756,Tracy Miller,Saint Kitts and Nevis,ralexander@example.org,5,3
757,Ronald Contreras,Sudan,pratttammy@example.org,4,10
758,Margaret Leon,Rwanda,catherinebaker@example.com,3,5
759,Mary Davis,French Guiana,ryangreen@example.net,4,1
760,Jennifer Reyes,Fiji,reedwilliam@example.net,3,10
761,Daniel Taylor,Paraguay,isabellacraig@example.com,4,7
762,Matthew Bailey,Australia,leslie89@example.net,5,6
763,Christina Santos,Saint Vincent and the Grenadines,asmith@example.net,4,3
764,Aaron Jones,,michaelharrison@example.com,5,3
765,Jennifer Lopez,El Salvador,lparker@example.org,1,2
766,Laurie Martinez,,gina32@example.net,5,5
767,Melissa Wilson,Nigeria,michellereed@example.org,5,7
768,Mary Marshall,,,1,1
769,Nicole Levine,,lance36@example.com,2,7
770,Melinda Anderson,Bahrain,williamscarol@example.net,3,1
771,Johnny Drake,Mongolia,justinsmith@example.org,2,1
772,Mario Phelps,Guinea-Bissau,,2,5
773,Kristin Lopez,Greece,ralphcook@example.net,2,2
774,Catherine Velez,Latvia,,5,2
775,Richard Perry,Niger,delgadoyolanda@example.org,4,2
776,Ian Taylor,China,adam01@example.org,5,5
777,Ruth Haynes,South Africa,anthony78@example.org,4,9
778,Andrew Jimenez,Kuwait,ujohnson@example.net,3,1
779,Peter Smith,Palestinian Territory,chris58@example.net,2,7
780,Mike Gray,North Macedonia,gabriel82@example.net,3,6
781,Anthony Kramer,Gabon,gravesrobert@example.org,5,4
782,Tiffany Erickson,French Southern Territories,edwardcook@example.org,1,4
783,Krystal Young,British Virgin Islands,gordoncasey@example.net,5,2
784,Geoffrey Ramirez,Israel,,5,7
785,Sara Lee,Burkina Faso,qthompson@example.net,3,3
786,Lisa Chavez,United Kingdom,,4,5
787,Sarah Wilkerson,Kuwait,angelastanley@example.net,2,8
788,Angela Hughes,Malta,,5,8
789,Lisa Lucas,Comoros,joshuacastillo@example.org,4,10
790,Andre Hill,Chad,brianking@example.net,3,10
791,Stacy Fowler,Zambia,,4,10
792,Ms. Kelly Osborne,Lithuania,,4,7
793,Kelly Berg,Kenya,ryanjones@example.com,3,1
794,Anthony Barnett,British Virgin Islands,stephanie08@example.net,4,8
795,Elizabeth Woods,Egypt,jacqueline26@example.org,3,8
796,Priscilla Gray,Sao Tome and Principe,,3,6
797,Ashley Morris,,anthonyhiggins@example.com,1,1
798,Christine Hess,Nepal,jhart@example.net,4,4
799,Erica Hammond,Ecuador,jlewis@example.net,5,3
800,Daniel Henderson,Palestinian Territory,wandathompson@example.com,5,4
801,Jennifer Morgan,United Arab Emirates,,4,8
802,John Ho,Czech Republic,samuelgarcia@example.org,1,7
803,Melinda Parker,Luxembourg,rhondaholt@example.com,5,1
804,Brian Montgomery,Sudan,shall@example.net,3,6
805,Sheri Jackson,,anthony89@example.org,1,2
806,Emma Sanchez,Greece,matthew85@example.com,5,4
807,Katherine Allen,Saint Kitts and Nevis,,1,2
808,Jessica Burnett,Botswana,jennifer55@example.org,1,9
809,Brendan Fields,United Arab Emirates,shannonmorgan@example.com,5,4
810,Alexis Murillo,Armenia,holmesrachel@example.org,3,7
811,Johnny Jones,Norfolk Island,douglaslara@example.com,2,10
812,John Perez,Botswana,friedmanmartin@example.com,5,5
813,Nathaniel Nguyen,Japan,clopez@example.org,4,2
814,Joshua Drake,Trinidad and Tobago,jessicaaguilar@example.org,4,5
815,Andrew Figueroa,Taiwan,david21@example.com,5,3
816,Thomas Castro,Germany,rodneymann@example.com,3,7
817,Devin Duncan,Indonesia,alvarezwanda@example.org,2,6
818,Robert Kelly,Mali,susan55@example.org,3,9
819,Christine Ford,Guadeloupe,dvaldez@example.net,5,6
820,David Olsen,Indonesia,colemanalan@example.com,1,5
821,Bernard Thompson,Bermuda,ggrimes@example.org,1,7
822,Mary Singleton,Barbados,chase41@example.com,3,3
823,Shannon Miranda,Guyana,jeremiahjackson@example.com,4,9
824,Jim Morgan,Mauritius,tnewton@example.com,3,2
825,John Horne,Antigua and Barbuda,geraldellis@example.com,5,7
826,Michael Meyers,Romania,,1,9
827,Kathryn Middleton,Cayman Islands,rollinsdevin@example.net,5,3
828,Darren Gardner,Barbados,,2,2
829,Sheila Potter,Saint Pierre and Miquelon,joneskathleen@example.net,5,5
830,James Johnson,Sudan,,4,5
831,Kimberly Castillo,,kpace@example.org,2,1
832,Kristy Harris,Netherlands Antilles,thomasevans@example.org,4,4
833,John Andrews,Seychelles,izamora@example.net,3,4
834,Lindsey Lee,Saint Pierre and Miquelon,wsimon@example.org,1,7
835,Christina Boyle,Nigeria,jillraymond@example.net,1,7
836,Amanda Donaldson,Greece,williamnichols@example.com,4,5
837,Terri Herrera,Brunei Darussalam,ariel22@example.com,2,3
838,Justin Bass,Spain,bryantphilip@example.net,2,10
839,Derrick Smith,United Arab Emirates,xmyers@example.org,4,1
840,Brent Martinez,French Southern Territories,ritterkathryn@example.net,1,7
841,Frank Johnson,,harperjennifer@example.com,4,5
842,Sarah Thompson,Anguilla,,4,5
843,Nichole Taylor,Lao People's Democratic Republic,,3,7
844,Laurie Brown,Saint Kitts and Nevis,laurenhumphrey@example.org,2,2
845,Heather Larson,Anguilla,kathykrueger@example.net,3,2
846,Brooke Fleming,Western Sahara,zthomas@example.org,1,6
847,Paula Cannon,Monaco,brian73@example.org,4,8
848,Carol Sawyer,Saint Martin,,4,4
849,Nicholas Johnson,,morachristopher@example.net,5,8
850,Anthony Campbell,Turkmenistan,,3,4
851,Margaret Booth,Mozambique,wbarnes@example.org,4,4
852,Zachary Anderson,Guadeloupe,gmoore@example.org,3,8
853,Glenda Boyd,Netherlands,nicholas04@example.net,1,10
854,Lisa Mills,Iran,gbond@example.com,4,3
855,David Miller,Mauritania,tinachavez@example.org,5,9
856,Mrs. Tracy Gomez PhD,Nepal,dunnnicole@example.net,4,10
857,Jennifer Houston,Paraguay,baileyamanda@example.org,1,2
858,Monica Walker,Kenya,hsims@example.net,3,1
859,Susan Smith,Syrian Arab Republic,ocarter@example.com,3,2
860,Matthew Smith,,melaniehansen@example.com,4,10
861,Jessica Carter,Tunisia,davidbanks@example.com,3,6
862,Joseph Perez,Bahamas,osullivan@example.com,1,4
863,Natalie Bailey,,larryleonard@example.com,2,1
864,Michele Wang,Yemen,jessemurillo@example.com,5,1
865,Susan Jackson,Korea,vperkins@example.net,2,4
866,Charles Rodriguez,Australia,cherylflores@example.com,4,1
867,Darlene Fischer,,blackburnangela@example.com,3,2
868,Kristen Gibson,Trinidad and Tobago,,3,4
869,Michael Thompson,,larry49@example.net,2,5
870,Brent Williams,Brazil,wsoto@example.net,3,3
871,Lawrence Thomas,United States of America,vwilson@example.com,5,9
872,Lucas Munoz,Bhutan,sabrinajohnson@example.com,3,3
873,Christopher Gutierrez,Algeria,pearsonjohn@example.org,4,10
874,Richard Payne,Mayotte,,3,8
875,Mrs. Nicole Martinez,Georgia,nancyjenkins@example.org,1,4
876,Ashley Shelton,Denmark,justinbaxter@example.net,5,8
877,Matthew Sullivan,United Kingdom,spalmer@example.org,1,5
878,Mark Martin,New Caledonia,yherring@example.com,1,5
879,Jacob Walters,Cote d'Ivoire,mpatel@example.net,3,4
880,Dr. Christina Lopez,Taiwan,,5,6
881,Calvin Shaffer,Mali,pgibson@example.org,2,7
882,Timothy Woods,,weavermonica@example.com,1,7
883,Jesse Williams,Eritrea,jasminewade@example.com,3,2
884,Alicia Jackson,Gambia,herreraanna@example.org,2,5
885,Jose Fuentes,Botswana,,3,7
886,Valerie Hughes,Zambia,preyes@example.org,3,6
887,Kevin James,Antigua and Barbuda,steve33@example.org,5,10
888,Mary Wilson,,joseph32@example.com,3,3
889,Melissa Wong,Bahrain,sbradford@example.com,1,2
890,Tonya Taylor,Egypt,ijones@example.net,4,2
891,Corey French,,robertspamela@example.net,2,2
892,Kathy Burgess,Guadeloupe,payers@example.org,2,1
893,John Beck,Venezuela,sandersrichard@example.com,5,5
894,Jessica Gonzalez,Mayotte,brayjimmy@example.net,1,8
895,Zachary Shaw,Bosnia and Herzegovina,teresalopez@example.org,1,5
896,Kyle Wilson,Greenland,thompsonisaiah@example.net,1,10
897,Justin Simon,Colombia,melissacruz@example.net,2,10
898,Ann Baker,Gabon,,2,6
899,Joseph Black,Christmas Island,cathy78@example.net,4,8
900,Alec Flores,,kmoran@example.org,2,4
901,Laura Lee,Indonesia,krystal66@example.com,3,1
902,Steve Drake,British Virgin Islands,justinfrank@example.org,1,10
903,Austin Mitchell,Oman,moralespamela@example.org,5,2
904,Nathan Hall,Saint Pierre and Miquelon,jennaprice@example.net,1,10
905,Ross Morris DDS,Azerbaijan,john78@example.org,1,2
906,Kristi Wilson,France,ashley51@example.org,1,8
907,Rebecca Little,Latvia,,2,8
908,Heather Henson,Holy See (Vatican City State),woodsdavid@example.net,5,3
909,Brittany Kelly,,caleb04@example.com,5,9
910,Erin Ford,Vietnam,jeremyfreeman@example.com,4,9
911,Gregory Barnes,Brunei Darussalam,ldawson@example.com,3,1
912,Louis Francis,,ecline@example.org,1,10
913,Pamela Oneill,Egypt,sdavis@example.com,1,3
914,Lisa Williams,Holy See (Vatican City State),derek04@example.org,3,6
915,Gerald Drake,,esmith@example.org,5,4
916,Antonio Cole,Montserrat,qweaver@example.org,5,7
917,Chad Miller,Mozambique,nancy01@example.net,4,10
918,Marcus Robertson,Armenia,mccallashley@example.com,2,5
919,Jason Bauer,Kenya,seth67@example.net,4,3
920,Michael Nguyen PhD,Latvia,wongmichael@example.net,4,5
921,Kathleen Riley,Togo,qthomas@example.org,1,4
922,Helen Bullock,Portugal,,5,6
923,Misty Thompson,Nigeria,vickieblack@example.net,5,1
924,John Gregory,Azerbaijan,meadowsamy@example.com,2,2
925,Elizabeth Mcknight,Brunei Darussalam,tony24@example.com,3,9
926,Cassandra Ortega,Slovenia,johnromero@example.com,3,1
927,Jessica Trujillo,Ethiopia,bakerkathleen@example.com,1,5
928,Angela Atkinson,,darrellcross@example.net,1,8
929,Mr. Zachary Young II,Albania,lharris@example.org,2,6
930,Kathleen Peterson,Cyprus,johnstonmary@example.com,3,9
931,Christopher Young,Saint Martin,jonolsen@example.com,2,7
932,Corey Gordon,,armstrongvickie@example.net,2,5
933,Charles Hawkins,Montenegro,davidmiller@example.net,2,4
934,Anthony Rodriguez,Bermuda,rhonda80@example.org,3,2
935,Lindsey Lambert,,frank14@example.net,4,8
936,Pamela Cline,,sschultz@example.com,5,5
937,Larry Goodman,Gabon,jose78@example.org,2,1
938,Bridget Smith,United States of America,,2,1
939,Michelle Hernandez,Bahamas,meghanhunt@example.com,3,8
940,Franklin Jones,Myanmar,julie45@example.net,2,9
941,Richard Johnson,Dominican Republic,osbornemelissa@example.com,2,2
942,Janice Garrison,Pakistan,elizabeth09@example.org,4,3
943,Joshua Jackson,Solomon Islands,esullivan@example.org,1,2
944,Herbert Walker,Tanzania,jespinoza@example.com,1,1
945,Tanner Patel,Finland,qwilliams@example.com,3,9
946,Jose Coleman,Iran,wangandrea@example.com,3,5
947,Hannah Davis,Guatemala,carteradam@example.org,4,2
948,Ana Fowler MD,,jfry@example.org,3,2
949,Jose Richards,Taiwan,reynoldscharlotte@example.org,3,7
950,Amy Martinez,American Samoa,gary25@example.org,4,9
951,Nicole Brennan,Bahrain,joseph07@example.net,2,8
952,Amy Perez,Uruguay,jonathanlopez@example.net,5,8
953,William Parker,Burundi,lscott@example.net,5,2
954,Brittany Frazier,,aaronacosta@example.org,2,9
955,Devin Huang,Taiwan,benjamin87@example.com,3,5
956,Brooke Hall,,jeremy65@example.org,2,4
957,Grant Wolfe,Ukraine,katherine69@example.net,2,9
958,Candace Stone,Japan,valeriemason@example.net,1,3
959,Sarah Smith,New Zealand,whayes@example.net,3,8
960,Jeff West,Thailand,rcook@example.org,1,2
961,Michael Banks,,,1,8
962,Tiffany Stokes,Timor-Leste,dgonzalez@example.org,4,4
963,Jessica Gray,Ecuador,,1,4
964,Jessica Lin,Rwanda,maria52@example.com,1,3
965,Andrea Garner,Saint Vincent and the Grenadines,hdavid@example.com,5,1
966,Justin Ross,Armenia,burchstephen@example.com,4,5
967,Victoria Hicks,Serbia,cooperjoseph@example.net,3,6
968,Jacob Stewart,Mauritius,,1,10
969,Omar Copeland,Sri Lanka,,1,7
970,Anne Burke,,christinerose@example.com,1,7
971,Cathy Hansen,Iran,anthony43@example.com,1,6
972,Todd Dominguez,Slovakia (Slovak Republic),markgraham@example.com,4,2
973,Rebecca Hughes,Syrian Arab Republic,sanfordnicholas@example.com,1,9
974,Richard Kim,Japan,pbrown@example.org,2,8
975,Bradley Gonzalez,Guyana,jjohnson@example.org,4,5
976,Leslie Cohen,Saint Vincent and the Grenadines,kimberly14@example.org,3,3
977,John Thomas,,lorozco@example.org,2,1
978,Robert Williams,Sweden,,2,4
979,Ashley Lee,,luiscollins@example.net,2,3
980,Barbara Jefferson,Sudan,kathy38@example.org,3,2
981,Deborah Williams,Ghana,teresahamilton@example.com,4,1
982,Edwin Gamble,Puerto Rico,smithanita@example.com,3,10
983,Courtney Ramirez,Czech Republic,mjohnson@example.net,1,4
984,Briana Johnson,,savannahholmes@example.org,2,8
985,Tiffany Fletcher,Kyrgyz Republic,trobinson@example.org,5,3
986,Barbara Mcdowell,United States Minor Outlying Islands,esparzarichard@example.net,2,1
987,Cindy Gibson,Comoros,jacobsamanda@example.org,1,7
988,Jerry Davis,Jersey,nataliebrown@example.net,4,2
989,Crystal Cohen,Austria,moorejody@example.com,2,6
990,Jessica Martinez,Niue,,5,7
991,Karen Webb,Puerto Rico,dunnlorraine@example.net,4,10
992,James Smith,Vietnam,barbaranunez@example.org,1,9
993,Katie Anderson,,waltonmatthew@example.net,1,2
994,Kimberly Roach,,jorgelawson@example.com,3,6
995,William Williams,Azerbaijan,michaelmay@example.net,1,8
996,Michael Carr,Reunion,kathleen19@example.org,5,5
997,Katherine Garza,Anguilla,joanna90@example.net,4,3
998,William Hess,Portugal,,3,6
999,Tiffany Lee,Anguilla,ebennett@example.net,3,6
1000,Alexandra Hunter,Saint Lucia,sharirodriguez@example.org,4,9
